Datum; Uhrzeit; Zaehler; kWh; Temperatur
2019-8-1;1:31:9;50;0.100000;16.625000
2019-8-1;4:3:48;50;0.100000;14.875000
2019-8-1;4:8:29;50;0.100000;15.000000
2019-8-1;4:15:11;50;0.100000;15.312000
2019-8-1;4:34:43;50;0.100000;15.062000
2019-8-1;4:37:17;50;0.100000;15.125000
2019-8-1;4:39:37;50;0.100000;15.125000
2019-8-1;4:41:49;50;0.100000;15.187000
2019-8-1;4:43:55;50;0.100000;15.187000
2019-8-1;4:45:56;50;0.100000;15.187000
2019-8-1;4:47:54;50;0.100000;15.187000
2019-8-1;4:49:50;50;0.100000;15.187000
2019-8-1;4:51:43;50;0.100000;15.250000
2019-8-1;4:53:33;50;0.100000;15.250000
2019-8-1;4:55:21;50;0.100000;15.250000
2019-8-1;4:57:14;50;0.100000;15.187000
2019-8-1;5:19:44;50;0.100000;15.000000
2019-8-1;6:13:46;50;0.100000;15.000000
2019-8-1;6:20:35;50;0.100000;15.062000
2019-8-1;6:31:52;50;0.100000;15.125000
2019-8-1;7:24:49;50;0.100000;15.625000
2019-8-1;8:18:19;50;0.100000;16.875000
2019-8-1;9:28:53;50;0.100000;17.812000
2019-8-1;12:15:5;50;0.100000;21.062000
2019-8-1;15:0:24;50;0.100000;23.812000
2019-8-1;17:47:4;50;0.100000;27.750000
2019-8-1;18:35:24;50;0.100000;28.312000
2019-8-1;18:37:23;50;0.100000;28.062000
2019-8-1;18:39:7;50;0.100000;28.187000
2019-8-1;18:40:47;50;0.100000;28.375000
2019-8-1;18:42:28;50;0.100000;28.125000
2019-8-1;18:44:17;50;0.100000;28.187000
2019-8-1;20:51:48;50;0.100000;22.937000
2019-8-1;23:37:53;50;0.100000;17.750000
2019-8-2;2:19:40;50;0.100000;15.437000
2019-8-2;3:30:19;50;0.100000;14.812000
2019-8-2;4:5:14;50;0.100000;14.187000
2019-8-2;4:10:12;50;0.100000;14.187000
2019-8-2;4:16:27;50;0.100000;14.312000
2019-8-2;4:22:59;50;0.100000;14.375000
2019-8-2;4:26:4;50;0.100000;14.375000
2019-8-2;4:28:28;50;0.100000;14.187000
2019-8-2;4:30:34;50;0.100000;14.187000
2019-8-2;4:32:8;50;0.100000;14.250000
2019-8-2;4:33:37;50;0.100000;14.312000
2019-8-2;4:35:5;50;0.100000;14.312000
2019-8-2;4:36:29;50;0.100000;14.312000
2019-8-2;4:37:52;50;0.100000;14.375000
2019-8-2;4:39:14;50;0.100000;14.312000
2019-8-2;4:40:34;50;0.100000;14.312000
2019-8-2;4:41:56;50;0.100000;14.312000
2019-8-2;4:43:34;50;0.100000;14.437000
2019-8-2;4:45:31;50;0.100000;14.375000
2019-8-2;4:48:39;50;0.100000;14.125000
2019-8-2;5:15:9;50;0.100000;14.125000
2019-8-2;5:31:41;50;0.100000;14.062000
2019-8-2;5:37:31;50;0.100000;14.062000
2019-8-2;5:48:7;50;0.100000;14.062000
2019-8-2;6:29:26;50;0.100000;14.562000
2019-8-2;6:34:2;50;0.100000;14.625000
2019-8-2;6:40:27;50;0.100000;14.687000
2019-8-2;6:46:52;50;0.100000;14.812000
2019-8-2;7:6:29;50;0.100000;15.062000
2019-8-2;7:59:42;50;0.100000;16.250000
2019-8-2;8:52:25;50;0.100000;17.687000
2019-8-2;9:45:15;50;0.100000;18.875000
2019-8-2;12:9:7;50;0.100000;21.812000
2019-8-2;14:41:45;50;0.100000;25.000000
2019-8-2;15:10:45;50;0.100000;25.687000
2019-8-2;15:12:34;50;0.100000;25.937000
2019-8-2;15:13:51;50;0.100000;26.000000
2019-8-2;15:15:4;50;0.100000;26.000000
2019-8-2;15:16:18;50;0.100000;25.875000
2019-8-2;15:17:47;50;0.100000;25.687000
2019-8-2;15:19:33;50;0.100000;25.750000
2019-8-2;15:21:29;50;0.100000;25.937000
2019-8-2;17:34:31;50;0.100000;26.937000
2019-8-2;20:16:24;50;0.100000;19.000000
2019-8-2;22:40:59;50;0.100000;16.625000
2019-8-3;1:7:38;50;0.100000;15.812000
2019-8-3;3:33:28;50;0.100000;15.000000
2019-8-3;4:36:15;50;0.100000;14.625000
2019-8-3;4:41:41;50;0.100000;14.687000
2019-8-3;4:48:8;50;0.100000;14.750000
2019-8-3;4:55:5;50;0.100000;14.875000
2019-8-3;5:11:31;50;0.100000;14.625000
2019-8-3;5:33:43;50;0.100000;14.625000
2019-8-3;5:39:29;50;0.100000;14.500000
2019-8-3;5:51:57;50;0.100000;14.625000
2019-8-3;6:41:45;50;0.100000;14.750000
2019-8-3;6:46:10;50;0.100000;14.750000
2019-8-3;6:52:37;50;0.100000;14.937000
2019-8-3;7:15:37;50;0.100000;15.375000
2019-8-3;7:17:51;50;0.100000;15.437000
2019-8-3;7:19:44;50;0.100000;15.500000
2019-8-3;7:21:32;50;0.100000;15.437000
2019-8-3;7:23:18;50;0.100000;15.500000
2019-8-3;7:25:6;50;0.100000;15.562000
2019-8-3;7:26:55;50;0.100000;15.562000
2019-8-3;7:28:45;50;0.100000;15.625000
2019-8-3;7:30:37;50;0.100000;15.625000
2019-8-3;7:32:28;50;0.100000;15.687000
2019-8-3;7:34:15;50;0.100000;15.687000
2019-8-3;7:35:59;50;0.100000;15.750000
2019-8-3;7:37:40;50;0.100000;15.750000
2019-8-3;7:39:19;50;0.100000;15.812000
2019-8-3;7:41:3;50;0.100000;15.812000
2019-8-3;8:13:8;50;0.100000;16.000000
2019-8-3;9:6:5;50;0.100000;17.125000
2019-8-3;9:58:56;50;0.100000;17.875000
2019-8-3;11:12:42;50;0.100000;18.125000
2019-8-3;11:14:52;50;0.100000;18.125000
2019-8-3;11:16:40;50;0.100000;18.062000
2019-8-3;11:18:21;50;0.100000;18.062000
2019-8-3;11:20:4;50;0.100000;18.125000
2019-8-3;11:22:9;50;0.100000;18.187000
2019-8-3;11:25:2;50;0.100000;18.125000
2019-8-3;11:28:22;50;0.100000;18.250000
2019-8-3;11:59:47;50;0.100000;20.062000
2019-8-3;14:29:19;50;0.100000;18.875000
2019-8-3;16:53:50;50;0.100000;24.375000
2019-8-3;19:20:7;50;0.100000;24.062000
2019-8-3;21:48:24;50;0.100000;18.937000
2019-8-3;22:54:53;50;0.100000;17.437000
2019-8-3;22:56:58;50;0.100000;17.375000
2019-8-3;22:58:47;50;0.100000;17.375000
2019-8-3;23:0:30;50;0.100000;17.375000
2019-8-3;23:2:10;50;0.100000;17.312000
2019-8-3;23:3:51;50;0.100000;17.375000
2019-8-3;23:5:39;50;0.100000;17.187000
2019-8-4;0:33:36;50;0.100000;16.312000
2019-8-4;2:57:35;50;0.100000;14.562000
2019-8-4;4:35:3;50;0.100000;14.937000
2019-8-4;4:39:58;50;0.100000;14.875000
2019-8-4;4:46:9;50;0.100000;14.750000
2019-8-4;4:53:4;50;0.100000;14.812000
2019-8-4;4:59:57;50;0.100000;14.812000
2019-8-4;5:6:47;50;0.100000;14.875000
2019-8-4;5:13:33;50;0.100000;15.000000
2019-8-4;5:22:53;50;0.100000;15.062000
2019-8-4;6:1:18;50;0.100000;15.125000
2019-8-4;6:6:25;50;0.100000;15.125000
2019-8-4;6:13:21;50;0.100000;15.187000
2019-8-4;6:39:16;50;0.100000;15.562000
2019-8-4;7:31:50;50;0.100000;16.125000
2019-8-4;7:37:34;50;0.100000;16.125000
2019-8-4;7:39:31;50;0.100000;16.250000
2019-8-4;7:41:19;50;0.100000;16.312000
2019-8-4;7:43:4;50;0.100000;16.312000
2019-8-4;7:44:46;50;0.100000;16.375000
2019-8-4;7:46:25;50;0.100000;16.437000
2019-8-4;7:48:6;50;0.100000;16.500000
2019-8-4;7:49:55;50;0.100000;16.562000
2019-8-4;8:40:55;50;0.100000;17.000000
2019-8-4;9:32:39;50;0.100000;18.312000
2019-8-4;10:24:17;50;0.100000;18.750000
2019-8-4;11:3:7;50;0.100000;19.437000
2019-8-4;11:5:15;50;0.100000;19.750000
2019-8-4;11:7:7;50;0.100000;19.875000
2019-8-4;11:8:53;50;0.100000;19.875000
2019-8-4;11:10:35;50;0.100000;19.812000
2019-8-4;11:12:14;50;0.100000;19.687000
2019-8-4;11:19:24;50;0.100000;20.000000
2019-8-4;11:21:26;50;0.100000;20.000000
2019-8-4;11:23:17;50;0.100000;19.875000
2019-8-4;11:25:17;50;0.100000;20.000000
2019-8-4;11:32:56;50;0.100000;20.437000
2019-8-4;11:35:7;50;0.100000;20.375000
2019-8-4;11:42:54;50;0.100000;20.375000
2019-8-4;11:44:54;50;0.100000;20.562000
2019-8-4;11:52:28;50;0.100000;20.750000
2019-8-4;12:0:7;50;0.100000;20.875000
2019-8-4;12:2:12;50;0.100000;21.062000
2019-8-4;13:29:5;50;0.100000;21.875000
2019-8-4;15:57:13;50;0.100000;25.687000
2019-8-4;18:28:46;50;0.100000;27.062000
2019-8-4;20:56:55;50;0.100000;22.750000
2019-8-4;22:12:18;50;0.100000;20.000000
2019-8-4;22:14:58;50;0.100000;19.875000
2019-8-4;22:17:12;50;0.100000;19.875000
2019-8-4;22:18:41;50;0.100000;19.750000
2019-8-4;22:19:58;50;0.100000;19.750000
2019-8-4;22:21:10;50;0.100000;19.750000
2019-8-4;22:22:20;50;0.100000;19.625000
2019-8-4;22:23:28;50;0.100000;19.562000
2019-8-4;22:24:34;50;0.100000;19.500000
2019-8-4;22:25:40;50;0.100000;19.375000
2019-8-4;22:26:55;50;0.100000;19.437000
2019-8-4;22:28:39;50;0.100000;19.375000
2019-8-4;22:30:28;50;0.100000;19.375000
2019-8-4;22:32:16;50;0.100000;19.250000
2019-8-4;22:34:5;50;0.100000;19.250000
2019-8-4;22:49:31;50;0.100000;18.937000
2019-8-5;1:15:33;50;0.100000;16.250000
2019-8-5;3:42:59;50;0.100000;15.062000
2019-8-5;4:7:26;50;0.100000;14.812000
2019-8-5;4:13:3;50;0.100000;14.750000
2019-8-5;4:19:45;50;0.100000;14.750000
2019-8-5;4:26:30;50;0.100000;14.625000
2019-8-5;4:33:3;50;0.100000;14.437000
2019-8-5;4:39:39;50;0.100000;14.062000
2019-8-5;4:46:15;50;0.100000;14.250000
2019-8-5;5:30:2;50;0.100000;14.562000
2019-8-5;5:37:49;50;0.100000;14.437000
2019-8-5;5:44:13;50;0.100000;14.375000
2019-8-5;5:50:49;50;0.100000;14.437000
2019-8-5;6:9:2;50;0.100000;14.562000
2019-8-5;7:1:9;50;0.100000;15.375000
2019-8-5;7:15:55;50;0.100000;15.875000
2019-8-5;7:22:1;50;0.100000;16.062000
2019-8-5;7:28:55;50;0.100000;16.312000
2019-8-5;8:6:13;50;0.100000;17.000000
2019-8-5;9:8:26;50;0.100000;19.000000
2019-8-5;11:40:2;50;0.100000;24.437000
2019-8-5;14:12:23;50;0.100000;22.875000
2019-8-5;14:47:2;50;0.100000;22.750000
2019-8-5;14:49:21;50;0.100000;22.750000
2019-8-5;14:51:26;50;0.100000;22.750000
2019-8-5;14:53:21;50;0.100000;22.875000
2019-8-5;14:54:38;50;0.100000;22.875000
2019-8-5;14:55:46;50;0.100000;22.875000
2019-8-5;14:56:52;50;0.100000;22.875000
2019-8-5;14:58:0;50;0.100000;22.875000
2019-8-5;14:59:30;50;0.100000;22.875000
2019-8-5;15:1:16;50;0.100000;22.875000
2019-8-5;15:3:12;50;0.100000;22.875000
2019-8-5;15:5:23;50;0.100000;22.875000
2019-8-5;15:42:41;50;0.100000;24.562000
2019-8-5;18:11:19;50;0.100000;26.062000
2019-8-5;20:44:2;50;0.100000;21.937000
2019-8-5;23:14:5;50;0.100000;20.187000
2019-8-6;1:41:32;50;0.100000;19.000000
2019-8-6;4:9:7;50;0.100000;17.437000
2019-8-6;4:34:58;50;0.100000;17.187000
2019-8-6;4:37:36;50;0.100000;17.312000
2019-8-6;4:39:59;50;0.100000;17.312000
2019-8-6;4:42:14;50;0.100000;17.250000
2019-8-6;4:44:23;50;0.100000;17.000000
2019-8-6;4:46:28;50;0.100000;17.062000
2019-8-6;4:48:29;50;0.100000;17.125000
2019-8-6;4:50:28;50;0.100000;17.187000
2019-8-6;4:52:24;50;0.100000;17.250000
2019-8-6;4:54:17;50;0.100000;17.250000
2019-8-6;4:56:17;50;0.100000;17.250000
2019-8-6;5:58:23;50;0.100000;16.875000
2019-8-6;8:19:21;50;0.100000;18.437000
2019-8-6;10:45:9;50;0.100000;22.437000
2019-8-6;13:22:55;50;0.100000;25.750000
2019-8-6;16:8:9;50;0.100000;25.062000
2019-8-6;18:32:35;50;0.100000;24.000000
2019-8-6;18:34:56;50;0.100000;24.000000
2019-8-6;18:36:46;50;0.100000;24.062000
2019-8-6;18:38:28;50;0.100000;24.000000
2019-8-6;18:40:8;50;0.100000;23.875000
2019-8-6;18:41:53;50;0.100000;23.937000
2019-8-6;19:39:32;50;0.100000;22.937000
2019-8-6;19:47:8;50;0.100000;22.812000
2019-8-6;19:48:58;50;0.100000;22.750000
2019-8-6;19:50:46;50;0.100000;22.625000
2019-8-6;19:52:44;50;0.100000;22.625000
2019-8-6;21:25:29;50;0.100000;21.500000
2019-8-6;23:59:2;50;0.100000;18.812000
2019-8-7;2:29:10;50;0.100000;17.875000
2019-8-7;4:15:38;50;0.100000;17.500000
2019-8-7;4:18:45;50;0.100000;17.500000
2019-8-7;4:21:32;50;0.100000;17.437000
2019-8-7;4:24:7;50;0.100000;17.437000
2019-8-7;4:26:33;50;0.100000;17.437000
2019-8-7;4:28:19;50;0.100000;17.375000
2019-8-7;4:29:48;50;0.100000;17.375000
2019-8-7;4:31:14;50;0.100000;17.375000
2019-8-7;4:32:38;50;0.100000;17.375000
2019-8-7;4:33:59;50;0.100000;17.375000
2019-8-7;4:35:19;50;0.100000;17.437000
2019-8-7;4:36:38;50;0.100000;17.375000
2019-8-7;4:38:7;50;0.100000;17.437000
2019-8-7;4:40:11;50;0.100000;17.437000
2019-8-7;4:42:35;50;0.100000;17.437000
2019-8-7;5:16:37;50;0.100000;17.562000
2019-8-7;7:38:49;50;0.100000;18.437000
2019-8-7;10:1:37;50;0.100000;21.437000
2019-8-7;12:26:20;50;0.100000;21.062000
2019-8-7;14:52:3;50;0.100000;21.187000
2019-8-7;15:14:41;50;0.100000;21.625000
2019-8-7;15:16:37;50;0.100000;21.500000
2019-8-7;15:18:21;50;0.100000;21.500000
2019-8-7;15:20:2;50;0.100000;21.562000
2019-8-7;15:21:42;50;0.100000;21.562000
2019-8-7;15:23:29;50;0.100000;21.625000
2019-8-7;17:19:28;50;0.100000;20.187000
2019-8-7;19:40:45;50;0.100000;18.187000
2019-8-7;22:3:48;50;0.100000;17.625000
2019-8-8;0:26:32;50;0.100000;16.625000
2019-8-8;2:49:4;50;0.100000;15.687000
2019-8-8;4:5:52;50;0.100000;15.312000
2019-8-8;4:11:28;50;0.100000;15.375000
2019-8-8;4:18:40;50;0.100000;15.187000
2019-8-8;4:22:9;50;0.100000;15.250000
2019-8-8;4:24:44;50;0.100000;15.187000
2019-8-8;4:26:43;50;0.100000;15.125000
2019-8-8;4:28:16;50;0.100000;15.187000
2019-8-8;4:29:44;50;0.100000;15.125000
2019-8-8;4:31:10;50;0.100000;15.062000
2019-8-8;4:32:34;50;0.100000;15.000000
2019-8-8;4:33:56;50;0.100000;15.000000
2019-8-8;4:35:16;50;0.100000;15.062000
2019-8-8;4:36:36;50;0.100000;15.125000
2019-8-8;4:37:59;50;0.100000;15.125000
2019-8-8;4:39:47;50;0.100000;15.187000
2019-8-8;4:41:47;50;0.100000;15.250000
2019-8-8;4:44:39;50;0.100000;15.250000
2019-8-8;4:51:42;50;0.100000;15.187000
2019-8-8;4:58:43;50;0.100000;15.062000
2019-8-8;5:6:31;50;0.100000;14.875000
2019-8-8;5:54:32;50;0.100000;14.562000
2019-8-8;5:59:14;50;0.100000;14.562000
2019-8-8;6:6:2;50;0.100000;14.750000
2019-8-8;6:12:52;50;0.100000;14.812000
2019-8-8;6:22:27;50;0.100000;14.812000
2019-8-8;7:14:16;50;0.100000;15.875000
2019-8-8;8:6:9;50;0.100000;16.500000
2019-8-8;10:12:32;50;0.100000;19.125000
2019-8-8;12:44:16;50;0.100000;21.437000
2019-8-8;15:21:43;50;0.100000;24.125000
2019-8-8;15:26:18;50;0.100000;24.437000
2019-8-8;15:28:11;50;0.100000;24.562000
2019-8-8;15:29:53;50;0.100000;24.750000
2019-8-8;15:31:31;50;0.100000;24.812000
2019-8-8;15:33:15;50;0.100000;24.937000
2019-8-8;16:55:24;50;0.100000;26.125000
2019-8-8;19:33:45;50;0.100000;24.562000
2019-8-8;22:10:47;50;0.100000;21.250000
2019-8-9;0:44:5;50;0.100000;19.250000
2019-8-9;3:12:29;50;0.100000;17.375000
2019-8-9;4:48:28;50;0.100000;16.250000
2019-8-9;4:50:46;50;0.100000;16.125000
2019-8-9;4:52:54;50;0.100000;15.937000
2019-8-9;4:54:57;50;0.100000;15.875000
2019-8-9;4:56:56;50;0.100000;16.062000
2019-8-9;4:58:51;50;0.100000;16.187000
2019-8-9;5:0:43;50;0.100000;16.250000
2019-8-9;5:2:35;50;0.100000;16.250000
2019-8-9;5:4:36;50;0.100000;16.250000
2019-8-9;5:41:49;50;0.100000;16.125000
2019-8-9;5:47:47;50;0.100000;15.937000
2019-8-9;5:54:38;50;0.100000;15.875000
2019-8-9;6:1:30;50;0.100000;15.937000
2019-8-9;6:22:50;50;0.100000;16.187000
2019-8-9;7:14:48;50;0.100000;16.812000
2019-8-9;9:9:43;50;0.100000;19.187000
2019-8-9;11:46:41;50;0.100000;23.937000
2019-8-9;14:38:20;50;0.100000;27.125000
2019-8-9;15:7:53;50;0.100000;28.375000
2019-8-9;15:9:38;50;0.100000;28.312000
2019-8-9;15:10:57;50;0.100000;28.250000
2019-8-9;15:12:11;50;0.100000;28.125000
2019-8-9;15:13:24;50;0.100000;27.937000
2019-8-9;15:14:42;50;0.100000;28.000000
2019-8-9;15:16:24;50;0.100000;28.312000
2019-8-9;15:18:15;50;0.100000;28.625000
2019-8-9;15:52:30;50;0.100000;28.812000
2019-8-9;18:45:8;50;0.100000;27.187000
2019-8-9;21:32:41;50;0.100000;23.187000
2019-8-10;0:23:57;50;0.100000;20.750000
2019-8-10;3:4:52;50;0.100000;19.562000
2019-8-10;5:56:58;50;0.100000;19.000000
2019-8-10;7:15:3;50;0.100000;20.187000
2019-8-10;7:17:14;50;0.100000;20.250000
2019-8-10;7:19:6;50;0.100000;20.250000
2019-8-10;7:20:51;50;0.100000;20.312000
2019-8-10;7:22:33;50;0.100000;20.375000
2019-8-10;7:24:13;50;0.100000;20.437000
2019-8-10;7:25:53;50;0.100000;20.437000
2019-8-10;7:27:40;50;0.100000;20.500000
2019-8-10;7:29:37;50;0.100000;20.500000
2019-8-10;8:22:11;50;0.100000;21.187000
2019-8-10;11:5:51;50;0.100000;22.812000
2019-8-10;11:10:0;50;0.100000;22.875000
2019-8-10;11:11:54;50;0.100000;22.750000
2019-8-10;11:13:38;50;0.100000;22.687000
2019-8-10;11:15:18;50;0.100000;22.625000
2019-8-10;11:17:1;50;0.100000;22.562000
2019-8-10;11:24:37;50;0.100000;22.562000
2019-8-10;11:26:25;50;0.100000;22.687000
2019-8-10;11:28:20;50;0.100000;22.750000
2019-8-10;11:31:10;50;0.100000;22.812000
2019-8-10;11:39:54;50;0.100000;23.125000
2019-8-10;11:42:6;50;0.100000;23.062000
2019-8-10;11:49:46;50;0.100000;23.125000
2019-8-10;11:56:50;50;0.100000;23.187000
2019-8-10;11:59:27;50;0.100000;23.125000
2019-8-10;13:39:57;50;0.100000;23.312000
2019-8-10;16:29:30;50;0.100000;26.000000
2019-8-10;18:22:33;50;0.100000;26.562000
2019-8-10;18:24:54;50;0.100000;27.062000
2019-8-10;18:26:52;50;0.100000;27.250000
2019-8-10;18:28:41;50;0.100000;26.687000
2019-8-10;18:30:26;50;0.100000;26.937000
2019-8-10;18:32:5;50;0.100000;26.812000
2019-8-10;18:33:47;50;0.100000;26.437000
2019-8-10;20:41:33;50;0.100000;23.125000
2019-8-10;23:25:54;50;0.100000;18.937000
2019-8-11;1:57:7;50;0.100000;18.062000
2019-8-11;4:26:55;50;0.100000;17.125000
2019-8-11;6:52:2;50;0.100000;16.437000
2019-8-11;7:20:43;50;0.100000;16.625000
2019-8-11;7:22:45;50;0.100000;16.687000
2019-8-11;7:24:35;50;0.100000;16.687000
2019-8-11;7:26:20;50;0.100000;16.750000
2019-8-11;7:28:1;50;0.100000;16.750000
2019-8-11;7:29:40;50;0.100000;16.750000
2019-8-11;7:31:20;50;0.100000;16.687000
2019-8-11;7:35:32;50;0.100000;16.812000
2019-8-11;9:56:17;50;0.100000;20.375000
2019-8-11;11:8:53;50;0.100000;22.625000
2019-8-11;11:10:58;50;0.100000;22.625000
2019-8-11;11:12:44;50;0.100000;22.750000
2019-8-11;11:14:22;50;0.100000;22.625000
2019-8-11;11:16:4;50;0.100000;22.687000
2019-8-11;11:17:23;50;0.100000;22.437000
2019-8-11;11:23:51;50;0.100000;22.500000
2019-8-11;11:25:37;50;0.100000;22.625000
2019-8-11;11:27:23;50;0.100000;22.625000
2019-8-11;11:29:47;50;0.100000;22.437000
2019-8-11;11:32:51;50;0.100000;22.500000
2019-8-11;11:40:54;50;0.100000;22.687000
2019-8-11;11:43:6;50;0.100000;22.625000
2019-8-11;11:50:41;50;0.100000;22.937000
2019-8-11;12:48:37;50;0.100000;24.125000
2019-8-11;15:40:18;50;0.100000;27.812000
2019-8-11;18:17:45;50;0.100000;31.625000
2019-8-11;18:20:27;50;0.100000;31.250000
2019-8-11;18:22:27;50;0.100000;30.937000
2019-8-11;18:24:19;50;0.100000;31.000000
2019-8-11;18:26:5;50;0.100000;30.937000
2019-8-11;18:27:46;50;0.100000;30.812000
2019-8-11;18:29:26;50;0.100000;30.875000
2019-8-11;19:51:43;50;0.100000;27.000000
2019-8-11;22:46:4;50;0.100000;21.875000
2019-8-11;22:52:11;50;0.100000;21.687000
2019-8-11;22:53:51;50;0.100000;21.687000
2019-8-11;22:55:8;50;0.100000;21.625000
2019-8-11;22:56:22;50;0.100000;21.687000
2019-8-11;22:57:35;50;0.100000;21.625000
2019-8-11;23:32:42;50;0.100000;20.812000
2019-8-12;2:24:44;50;0.100000;18.375000
2019-8-12;4:51:5;50;0.100000;17.375000
2019-8-12;4:55:10;50;0.100000;17.312000
2019-8-12;4:57:19;50;0.100000;17.312000
2019-8-12;4:59:22;50;0.100000;17.312000
2019-8-12;5:1:20;50;0.100000;17.312000
2019-8-12;5:3:15;50;0.100000;17.250000
2019-8-12;5:5:10;50;0.100000;17.375000
2019-8-12;5:12:2;50;0.100000;17.312000
2019-8-12;7:38:38;50;0.100000;17.187000
2019-8-12;10:7:50;50;0.100000;19.000000
2019-8-12;12:48:5;50;0.100000;21.000000
2019-8-12;15:11:12;50;0.100000;21.250000
2019-8-12;15:13:34;50;0.100000;21.125000
2019-8-12;15:15:28;50;0.100000;21.125000
2019-8-12;15:17:14;50;0.100000;21.250000
2019-8-12;15:18:56;50;0.100000;21.187000
2019-8-12;15:20:35;50;0.100000;21.187000
2019-8-12;15:22:16;50;0.100000;21.125000
2019-8-12;15:47:16;50;0.100000;21.312000
2019-8-12;18:39:59;50;0.100000;24.375000
2019-8-12;21:13:12;50;0.100000;18.937000
2019-8-12;23:40:47;50;0.100000;17.187000
2019-8-13;2:9:17;50;0.100000;16.625000
2019-8-13;4:4:38;50;0.100000;14.937000
2019-8-13;4:9:43;50;0.100000;15.000000
2019-8-13;4:16:30;50;0.100000;14.750000
2019-8-13;4:34:44;50;0.100000;14.812000
2019-8-13;4:38:33;50;0.100000;14.687000
2019-8-13;4:40:56;50;0.100000;14.500000
2019-8-13;4:43:10;50;0.100000;14.562000
2019-8-13;4:45:17;50;0.100000;14.500000
2019-8-13;4:47:19;50;0.100000;14.500000
2019-8-13;4:49:17;50;0.100000;14.562000
2019-8-13;4:51:13;50;0.100000;14.687000
2019-8-13;4:53:6;50;0.100000;14.625000
2019-8-13;4:54:57;50;0.100000;14.437000
2019-8-13;4:56:46;50;0.100000;14.437000
2019-8-13;4:58:35;50;0.100000;14.500000
2019-8-13;5:4:6;50;0.100000;14.562000
2019-8-13;5:27:13;50;0.100000;14.500000
2019-8-13;5:59:2;50;0.100000;14.500000
2019-8-13;6:8:28;50;0.100000;14.500000
2019-8-13;6:14:49;50;0.100000;14.562000
2019-8-13;6:56:42;50;0.100000;14.750000
2019-8-13;7:7:29;50;0.100000;14.812000
2019-8-13;7:13:43;50;0.100000;14.875000
2019-8-13;7:20:22;50;0.100000;14.937000
2019-8-13;7:26:59;50;0.100000;15.062000
2019-8-13;8:14:7;50;0.100000;15.562000
2019-8-13;9:7:40;50;0.100000;16.437000
2019-8-13;10:22:15;50;0.100000;17.750000
2019-8-13;13:12:58;50;0.100000;19.875000
2019-8-13;14:58:48;50;0.100000;19.250000
2019-8-13;15:1:16;50;0.100000;19.187000
2019-8-13;15:3:19;50;0.100000;19.312000
2019-8-13;15:5:14;50;0.100000;19.312000
2019-8-13;15:7:3;50;0.100000;19.500000
2019-8-13;15:8:48;50;0.100000;19.437000
2019-8-13;15:10:30;50;0.100000;19.375000
2019-8-13;15:12:10;50;0.100000;19.562000
2019-8-13;15:13:50;50;0.100000;19.687000
2019-8-13;15:15:38;50;0.100000;19.750000
2019-8-13;16:2:59;50;0.100000;21.500000
2019-8-13;18:46:58;50;0.100000;20.562000
2019-8-13;21:15:54;50;0.100000;18.062000
2019-8-13;21:19:41;50;0.100000;18.312000
2019-8-13;21:21:22;50;0.100000;18.312000
2019-8-13;21:22:44;50;0.100000;18.312000
2019-8-13;21:24:2;50;0.100000;18.312000
2019-8-13;21:25:16;50;0.100000;18.312000
2019-8-13;21:26:28;50;0.100000;18.187000
2019-8-13;21:27:41;50;0.100000;18.187000
2019-8-13;21:29:22;50;0.100000;18.125000
2019-8-13;21:31:12;50;0.100000;18.187000
2019-8-13;21:33:13;50;0.100000;18.187000
2019-8-13;21:35:31;50;0.100000;18.125000
2019-8-13;21:38:17;50;0.100000;18.125000
2019-8-13;21:40:55;50;0.100000;18.125000
2019-8-13;21:42:49;50;0.100000;18.125000
2019-8-13;21:44:45;50;0.100000;18.125000
2019-8-13;21:46:45;50;0.100000;18.062000
2019-8-13;21:48:44;50;0.100000;17.937000
2019-8-13;21:50:38;50;0.100000;17.875000
2019-8-13;21:52:29;50;0.100000;17.750000
2019-8-13;21:54:16;50;0.100000;17.750000
2019-8-13;21:56:0;50;0.100000;17.750000
2019-8-13;21:57:41;50;0.100000;17.562000
2019-8-13;21:59:20;50;0.100000;17.500000
2019-8-13;22:1:1;50;0.100000;17.625000
2019-8-14;0:35:1;50;0.100000;17.625000
2019-8-14;1:28:16;50;0.100000;18.312000
2019-8-14;2:21:43;50;0.100000;18.187000
2019-8-14;2:36:14;50;0.100000;18.187000
2019-8-14;2:41:6;50;0.1000000;18.125000
2019-8-14;2:46:34;50;0.100000;18.187000
2019-8-14;2:52:39;50;0.100000;18.187000
2019-8-14;2:58:59;50;0.100000;18.125000
2019-8-14;3:5:22;50;0.1000000;18.125000
2019-8-14;3:11:34;50;0.100000;18.125000
2019-8-14;3:17:48;50;0.100000;18.125000
2019-8-14;3:24:6;50;0.1000000;18.125000
2019-8-14;3:30:17;50;0.100000;18.062000
2019-8-14;3:36:19;50;0.100000;17.937000
2019-8-14;3:42:28;50;0.100000;17.875000
2019-8-14;3:48:40;50;0.100000;17.750000
2019-8-14;3:58:42;50;0.100000;17.750000
2019-8-14;4:33:24;50;0.100000;18.312000
2019-8-14;4:38:11;50;0.100000;18.187000
2019-8-14;4:44:17;50;0.100000;18.187000
2019-8-14;4:50:18;50;0.100000;18.125000
2019-8-14;4:56:25;50;0.100000;18.187000
2019-8-14;5:10:31;50;0.100000;18.187000
2019-8-14;6:1:0;50;0.10000000;18.125000
2019-8-14;6:28:38;50;0.100000;18.125000
2019-8-14;7:22:17;50;0.100000;18.125000
2019-8-14;8:14:51;50;0.100000;18.125000
2019-8-14;9:7:38;50;0.1000000;18.125000
2019-8-14;10:0:14;50;0.100000;18.062000
2019-8-14;12:0:28;50;0.100000;17.937000
2019-8-14;13:34:47;50;0.10000;17.875000
2019-8-14;13:37:6;50;0.100000;17.750000
2019-8-14;13:38:35;50;0.10000;17.750000
2019-8-14;13:39:53;50;0.10000;18.312000
2019-8-14;13:41:8;50;0.100000;18.187000
2019-8-14;13:42:20;50;0.10000;18.187000
2019-8-14;13:43:35;50;0.10000;18.125000
2019-8-14;13:45:3;50;0.100000;18.187000
2019-8-14;13:46:45;50;0.10000;18.187000
2019-8-14;13:48:37;50;0.10000;18.125000
2019-8-14;14:21:27;50;0.10000;18.125000
2019-8-14;16:58:55;50;0.10000;18.125000
2019-8-14;19:27:12;50;0.10000;18.125000
2019-8-15;0:17:7;50;0.1000000;18.125000
2019-8-15;2:4:43;50;0.1000000;18.062000
2019-8-15;2:9:53;50;0.1000000;17.937000
2019-8-15;2:16:36;50;0.100000;17.875000
2019-8-15;2:23:7;50;0.1000000;17.750000
2019-8-15;3:3:59;50;0.1000000;17.750000
2019-8-15;3:56:31;50;0.100000;18.312000
2019-8-15;4:7:40;50;0.1000000;18.187000
2019-8-15;4:12:24;50;0.100000;18.187000
2019-8-15;4:17:21;50;0.100000;18.125000
2019-8-15;4:22:43;50;0.100000;18.187000
2019-8-15;4:28:32;50;0.100000;18.187000
2019-8-15;4:31:4;50;0.1000000;18.125000
2019-8-15;4:33:15;50;0.100000;18.125000
2019-8-15;4:35:20;50;0.100000;18.125000
2019-8-15;4:37:18;50;0.100000;18.125000
2019-8-15;4:38:51;50;0.100000;18.125000
2019-8-15;4:40:20;50;0.100000;18.062000
2019-8-15;4:41:47;50;0.100000;17.937000
2019-8-15;4:43:12;50;0.100000;17.875000
2019-8-15;4:44:35;50;0.100000;17.750000
2019-8-15;4:45:57;50;0.100000;17.750000
2019-8-15;4:47:19;50;0.100000;18.312000
2019-8-15;4:48:45;50;0.100000;18.187000
2019-8-15;4:50:29;50;0.100000;18.187000
2019-8-15;4:52:32;50;0.100000;18.125000
2019-8-15;4:58:12;50;0.100000;18.187000
2019-8-15;5:4:34;50;0.1000000;18.187000
2019-8-15;5:10:57;50;0.100000;18.125000
2019-8-15;5:17:7;50;0.1000000;18.125000
2019-8-15;5:23:21;50;0.100000;18.125000
2019-8-15;5:29:34;50;0.100000;18.125000
2019-8-15;5:35:42;50;0.100000;18.125000
2019-8-15;5:41:43;50;0.100000;18.062000
2019-8-15;5:47:51;50;0.100000;17.937000
2019-8-15;5:53:59;50;0.100000;17.875000
2019-8-15;5:59:57;50;0.100000;17.750000
2019-8-15;6:43:57;50;0.100000;17.750000
2019-8-15;6:48:15;50;0.100000;18.125000
2019-8-15;6:52:43;50;0.100000;18.125000
2019-8-15;6:57:29;50;0.100000;18.125000
2019-8-15;7:2:41;50;0.1000000;18.125000
2019-8-15;7:8:11;50;0.1000000;18.125000
2019-8-15;7:14:5;50;0.1000000;18.062000
2019-8-15;7:20:19;50;0.100000;17.937000
2019-8-15;7:26:35;50;0.100000;17.875000
2019-8-15;7:44:45;50;0.100000;17.750000
2019-8-15;8:33:5;50;0.1000000;17.750000
2019-8-15;9:22:1;50;0.1000000;17.937000
2019-8-15;10:10:32;50;0.10000;17.875000
2019-8-15;10:59:39;50;0.10000;17.750000
2019-8-15;12:7:4;50;0.1000000;17.750000
2019-8-15;13:49:57;50;0.100000;19.187000
2019-8-15;13:58:39;50;0.100000;18.562000
2019-8-15;14:0:28;50;0.100000;18.437000
2019-8-15;14:2:27;50;0.100000;18.437000
2019-8-15;14:4:41;50;0.100000;18.437000
2019-8-15;14:7:17;50;0.100000;18.375000
2019-8-15;14:11:16;50;0.100000;18.437000
2019-8-15;14:14:40;50;0.100000;18.187000
2019-8-15;14:18:0;50;0.100000;18.187000
2019-8-15;14:48:21;50;0.100000;19.187000
2019-8-15;16:53:21;50;0.100000;19.875000
2019-8-15;18:57:8;50;0.100000;19.062000
2019-8-15;21:6:53;50;0.100000;17.062000
2019-8-15;23:14:14;50;0.100000;16.375000
2019-8-16;1:20:33;50;0.100000;16.062000
2019-8-16;3:23:35;50;0.100000;15.625000
2019-8-16;4:6:48;50;0.100000;15.625000
2019-8-16;4:12:24;50;0.100000;15.562000
2019-8-16;4:19:10;50;0.100000;15.437000
2019-8-16;4:26:29;50;0.100000;15.437000
2019-8-16;4:33:38;50;0.100000;15.375000
2019-8-16;4:38:49;50;0.100000;15.375000
2019-8-16;4:41:20;50;0.100000;15.312000
2019-8-16;4:43:39;50;0.100000;15.250000
2019-8-16;4:45:50;50;0.100000;15.250000
2019-8-16;4:47:57;50;0.100000;15.250000
2019-8-16;4:50:0;50;0.100000;15.312000
2019-8-16;4:51:59;50;0.100000;15.312000
2019-8-16;4:53:56;50;0.100000;15.250000
2019-8-16;4:55:50;50;0.100000;15.187000
2019-8-16;4:57:44;50;0.100000;15.250000
2019-8-16;5:0:21;50;0.100000;15.187000
2019-8-16;5:7:36;50;0.100000;15.187000
2019-8-16;5:14:37;50;0.100000;15.125000
2019-8-16;5:21:30;50;0.100000;15.250000
2019-8-16;5:28:21;50;0.100000;15.125000
2019-8-16;5:35:18;50;0.100000;15.125000
2019-8-16;6:15:9;50;0.100000;15.000000
2019-8-16;7:4:39;50;0.100000;15.437000
2019-8-16;7:16:46;50;0.100000;15.437000
2019-8-16;7:23:7;50;0.100000;15.312000
2019-8-16;7:30:11;50;0.100000;15.437000
2019-8-16;8:58:4;50;0.100000;16.250000
2019-8-16;11:6:2;50;0.100000;17.812000
2019-8-16;13:18:58;50;0.100000;19.187000
2019-8-16;15:0:17;50;0.100000;21.375000
2019-8-16;15:2:50;50;0.100000;21.437000
2019-8-16;15:4:21;50;0.100000;21.187000
2019-8-16;15:5:44;50;0.100000;20.812000
2019-8-16;15:7:2;50;0.100000;20.937000
2019-8-16;15:8:14;50;0.100000;21.125000
2019-8-16;15:9:23;50;0.100000;21.125000
2019-8-16;15:10:32;50;0.100000;21.062000
2019-8-16;15:12:9;50;0.100000;20.937000
2019-8-16;15:13:57;50;0.100000;20.937000
2019-8-16;15:15:56;50;0.100000;20.687000
2019-8-16;15:47:35;50;0.100000;21.812000
2019-8-16;18:8:44;50;0.100000;25.500000
2019-8-16;20:23:53;50;0.100000;19.812000
2019-8-16;22:10:56;50;0.100000;16.812000
2019-8-16;22:13:48;50;0.100000;16.750000
2019-8-16;22:15:31;50;0.100000;16.812000
2019-8-16;22:17:7;50;0.100000;16.812000
2019-8-16;22:18:35;50;0.100000;16.875000
2019-8-16;22:19:54;50;0.100000;16.875000
2019-8-16;22:21:12;50;0.100000;16.812000
2019-8-16;22:22:27;50;0.100000;16.812000
2019-8-16;22:23:40;50;0.100000;16.750000
2019-8-16;22:24:52;50;0.100000;16.687000
2019-8-16;22:26:2;50;0.100000;16.687000
2019-8-16;22:27:12;50;0.100000;16.625000
2019-8-16;22:28:22;50;0.100000;16.625000
2019-8-16;22:29:32;50;0.100000;16.625000
2019-8-16;22:30:42;50;0.100000;16.625000
2019-8-16;22:31:52;50;0.100000;16.625000
2019-8-16;22:33:2;50;0.100000;16.500000
2019-8-16;22:34:12;50;0.100000;16.437000
2019-8-16;22:35:22;50;0.100000;16.437000
2019-8-16;22:36:31;50;0.100000;16.437000
2019-8-16;22:37:39;50;0.100000;16.500000
2019-8-16;22:38:45;50;0.100000;16.500000
2019-8-16;22:39:51;50;0.100000;16.500000
2019-8-16;22:41:25;50;0.100000;16.437000
2019-8-16;22:43:12;50;0.100000;16.312000
2019-8-16;22:45:9;50;0.100000;16.250000
2019-8-16;22:47:21;50;0.100000;16.125000
2019-8-16;22:49:55;50;0.100000;15.937000
2019-8-16;22:52:38;50;0.100000;15.937000
2019-8-16;22:55:20;50;0.100000;15.812000
2019-8-16;22:57:59;50;0.100000;15.937000
2019-8-16;23:0:44;50;0.100000;15.812000
2019-8-16;23:4:3;50;0.100000;15.750000
2019-8-16;23:7:23;50;0.100000;15.687000
2019-8-16;23:10:40;50;0.100000;15.625000
2019-8-16;23:49:1;50;0.100000;14.750000
2019-8-17;1:58:57;50;0.100000;13.750000
2019-8-17;2:49:49;50;0.100000;13.062000
2019-8-17;3:38:59;50;0.100000;12.937000
2019-8-17;4:27:54;50;0.100000;12.937000
2019-8-17;4:37:47;50;0.100000;12.812000
2019-8-17;4:42:30;50;0.100000;12.687000
2019-8-17;4:47:24;50;0.100000;12.687000
2019-8-17;4:52:43;50;0.100000;12.750000
2019-8-17;4:58:15;50;0.100000;12.750000
2019-8-17;5:4:6;50;0.100000;12.687000
2019-8-17;5:10:14;50;0.100000;12.937000
2019-8-17;5:16:40;50;0.100000;12.812000
2019-8-17;5:23:23;50;0.100000;12.812000
2019-8-17;5:30:10;50;0.100000;12.875000
2019-8-17;5:36:51;50;0.100000;13.000000
2019-8-17;5:43:32;50;0.100000;12.937000
2019-8-17;5:50:5;50;0.100000;12.875000
2019-8-17;5:56:43;50;0.100000;13.000000
2019-8-17;6:3:23;50;0.100000;13.125000
2019-8-17;6:9:50;50;0.100000;13.250000
2019-8-17;6:16:16;50;0.100000;13.312000
2019-8-17;6:22:52;50;0.100000;13.437000
2019-8-17;6:29:22;50;0.100000;13.500000
2019-8-17;6:35:44;50;0.100000;13.562000
2019-8-17;6:42:2;50;0.100000;13.500000
2019-8-17;6:48:28;50;0.100000;13.562000
2019-8-17;6:54:49;50;0.100000;13.625000
2019-8-17;7:1:12;50;0.100000;13.750000
2019-8-17;7:18:25;50;0.100000;14.000000
2019-8-17;7:20:32;50;0.100000;13.875000
2019-8-17;7:21:58;50;0.100000;13.812000
2019-8-17;7:23:18;50;0.100000;13.875000
2019-8-17;7:24:35;50;0.100000;13.875000
2019-8-17;7:25:48;50;0.100000;13.875000
2019-8-17;7:26:56;50;0.100000;13.875000
2019-8-17;7:28:6;50;0.100000;13.875000
2019-8-17;7:29:40;50;0.100000;13.875000
2019-8-17;7:40:45;50;0.100000;14.187000
2019-8-17;8:29:55;50;0.100000;15.375000
2019-8-17;9:18:42;50;0.100000;17.750000
2019-8-17;10:7:55;50;0.100000;19.437000
2019-8-17;11:13:14;50;0.100000;20.062000
2019-8-17;11:15:21;50;0.100000;20.125000
2019-8-17;11:17:8;50;0.100000;20.062000
2019-8-17;11:18:50;50;0.100000;20.062000
2019-8-17;11:20:33;50;0.100000;20.125000
2019-8-17;11:27:54;50;0.100000;20.187000
2019-8-17;11:30:1;50;0.100000;20.125000
2019-8-17;11:32:6;50;0.100000;20.187000
2019-8-17;11:39:49;50;0.100000;20.187000
2019-8-17;11:42:7;50;0.100000;20.125000
2019-8-17;11:49:55;50;0.100000;20.250000
2019-8-17;11:52:2;50;0.100000;20.312000
2019-8-17;11:59:40;50;0.100000;20.437000
2019-8-17;12:1:46;50;0.100000;20.375000
2019-8-17;13:50:38;50;0.100000;22.062000
2019-8-17;14:20:43;50;0.100000;21.625000
2019-8-17;14:52:7;50;0.100000;21.250000
2019-8-17;14:57:49;50;0.100000;21.312000
2019-8-17;15:37:24;50;0.100000;21.500000
2019-8-17;15:45:31;50;0.100000;21.937000
2019-8-17;16:54:20;50;0.100000;21.937000
2019-8-17;18:52:22;50;0.100000;21.437000
2019-8-17;21:23:33;50;0.100000;20.187000
2019-8-17;22:51:31;50;0.100000;19.437000
2019-8-17;22:53:45;50;0.100000;19.375000
2019-8-17;22:55:37;50;0.100000;19.312000
2019-8-17;22:57:23;50;0.100000;19.375000
2019-8-17;22:59:5;50;0.100000;19.375000
2019-8-17;23:0:44;50;0.100000;19.375000
2019-8-17;23:2:23;50;0.100000;19.375000
2019-8-17;23:4:10;50;0.100000;19.437000
2019-8-18;0:53:9;50;0.100000;18.750000
2019-8-18;3:10:13;50;0.100000;18.062000
2019-8-18;5:26:50;50;0.100000;17.187000
2019-8-18;7:34:26;50;0.100000;17.562000
2019-8-18;7:37:17;50;0.100000;17.500000
2019-8-18;7:39:10;50;0.100000;17.500000
2019-8-18;7:40:54;50;0.100000;17.500000
2019-8-18;7:42:35;50;0.100000;17.437000
2019-8-18;7:44:14;50;0.100000;17.500000
2019-8-18;7:46:1;50;0.100000;17.500000
2019-8-18;8:28:50;50;0.100000;18.187000
2019-8-18;10:30:57;50;0.100000;22.500000
2019-8-18;11:5:44;50;0.100000;23.000000
2019-8-18;11:7:56;50;0.100000;23.062000
2019-8-18;11:9:54;50;0.100000;23.062000
2019-8-18;11:11:46;50;0.100000;23.125000
2019-8-18;11:13:33;50;0.100000;23.187000
2019-8-18;11:15:17;50;0.100000;23.187000
2019-8-18;11:16:58;50;0.100000;23.125000
2019-8-18;11:18:37;50;0.100000;23.125000
2019-8-18;11:20:22;50;0.100000;23.000000
2019-8-18;11:27:51;50;0.100000;23.312000
2019-8-18;11:29:41;50;0.100000;23.125000
2019-8-18;11:31:43;50;0.100000;22.875000
2019-8-18;11:34:52;50;0.100000;22.937000
2019-8-18;11:43:29;50;0.100000;23.250000
2019-8-18;11:45:29;50;0.100000;23.250000
2019-8-18;11:53:2;50;0.100000;23.312000
2019-8-18;11:55:1;50;0.100000;23.437000
2019-8-18;12:2:34;50;0.100000;23.687000
2019-8-18;12:30:10;50;0.100000;24.250000
2019-8-18;14:46:52;50;0.100000;26.750000
2019-8-18;17:16:38;50;0.100000;28.562000
2019-8-18;18:11:47;50;0.100000;29.562000
2019-8-18;18:14:0;50;0.100000;29.187000
2019-8-18;18:15:56;50;0.100000;28.875000
2019-8-18;18:17:45;50;0.100000;28.687000
2019-8-18;18:19:28;50;0.100000;28.500000
2019-8-18;18:21:8;50;0.100000;29.125000
2019-8-18;18:22:50;50;0.100000;29.000000
2019-8-18;20:50:22;50;0.100000;24.250000
2019-8-18;23:6:5;50;0.100000;18.625000
2019-8-18;23:8:23;50;0.100000;18.375000
2019-8-18;23:10:15;50;0.100000;18.312000
2019-8-18;23:12:0;50;0.100000;18.125000
2019-8-18;23:13:41;50;0.100000;18.187000
2019-8-18;23:15:20;50;0.100000;18.062000
2019-8-18;23:17:6;50;0.100000;18.312000
2019-8-19;0:6:0;50;0.100000;18.000000
2019-8-19;3:3:4;50;0.100000;17.437000
2019-8-19;5:56:37;50;0.100000;17.500000
2019-8-19;8:32:41;50;0.100000;17.625000
2019-8-19;11:14:36;50;0.100000;18.625000
2019-8-19;14:6:27;50;0.100000;21.625000
2019-8-19;14:57:41;50;0.100000;22.812000
2019-8-19;14:59:56;50;0.100000;22.750000
2019-8-19;15:1:56;50;0.100000;22.812000
2019-8-19;15:3:49;50;0.100000;23.062000
2019-8-19;15:5:37;50;0.100000;23.125000
2019-8-19;15:7:21;50;0.100000;23.125000
2019-8-19;15:9:2;50;0.100000;22.937000
2019-8-19;15:10:41;50;0.100000;23.000000
2019-8-19;15:12:23;50;0.100000;23.375000
2019-8-19;15:32:14;50;0.100000;22.437000
2019-8-19;18:28:0;50;0.100000;26.812000
2019-8-19;21:12:11;50;0.100000;20.312000
2019-8-19;23:53:3;50;0.100000;17.187000
2019-8-20;2:32:51;50;0.100000;15.750000
2019-8-20;4:5:37;50;0.100000;15.500000
2019-8-20;4:10:53;50;0.100000;15.500000
2019-8-20;4:17:31;50;0.100000;15.500000
2019-8-20;4:45:46;50;0.100000;15.250000
2019-8-20;4:48:3;50;0.100000;15.125000
2019-8-20;4:50:10;50;0.100000;15.250000
2019-8-20;4:52:11;50;0.100000;15.312000
2019-8-20;4:54:9;50;0.100000;15.125000
2019-8-20;4:56:2;50;0.100000;15.187000
2019-8-20;4:57:53;50;0.100000;15.250000
2019-8-20;4:59:41;50;0.100000;15.250000
2019-8-20;5:1:32;50;0.100000;15.062000
2019-8-20;5:5:13;50;0.100000;15.062000
2019-8-20;5:19:58;50;0.100000;15.062000
2019-8-20;5:55:35;50;0.100000;14.937000
2019-8-20;6:0:13;50;0.100000;14.750000
2019-8-20;6:6:53;50;0.100000;14.687000
2019-8-20;6:47:24;50;0.100000;14.625000
2019-8-20;6:51:54;50;0.100000;14.625000
2019-8-20;6:58:17;50;0.100000;14.812000
2019-8-20;7:4:53;50;0.100000;14.750000
2019-8-20;7:11:28;50;0.100000;14.687000
2019-8-20;7:27:34;50;0.100000;14.687000
2019-8-20;8:20:18;50;0.100000;16.062000
2019-8-20;9:12:59;50;0.100000;17.062000
2019-8-20;11:10:22;50;0.100000;20.312000
2019-8-20;14:7:39;50;0.100000;22.500000
2019-8-20;17:2:57;50;0.100000;21.062000
2019-8-20;18:34:47;50;0.100000;19.937000
2019-8-20;18:36:52;50;0.100000;19.875000
2019-8-20;18:38:40;50;0.100000;19.875000
2019-8-20;18:40:24;50;0.100000;19.812000
2019-8-20;18:42:4;50;0.100000;19.750000
2019-8-20;18:43:43;50;0.100000;19.750000
2019-8-20;18:45:30;50;0.100000;19.750000
2019-8-20;20:37:6;50;0.100000;16.500000
2019-8-20;23:6:46;50;0.100000;15.500000
2019-8-21;1:39:2;50;0.100000;15.062000
2019-8-21;4:3:42;50;0.100000;14.437000
2019-8-21;4:8:25;50;0.100000;14.437000
2019-8-21;4:15:0;50;0.100000;14.375000
2019-8-21;4:21:47;50;0.100000;14.312000
2019-8-21;4:28:38;50;0.100000;14.437000
2019-8-21;4:37:26;50;0.100000;14.187000
2019-8-21;4:39:28;50;0.100000;14.250000
2019-8-21;4:41:5;50;0.100000;14.312000
2019-8-21;4:42:37;50;0.100000;14.187000
2019-8-21;4:44:5;50;0.100000;14.250000
2019-8-21;4:45:29;50;0.100000;14.125000
2019-8-21;4:46:51;50;0.100000;14.125000
2019-8-21;4:48:12;50;0.100000;14.187000
2019-8-21;4:49:32;50;0.100000;14.250000
2019-8-21;4:50:59;50;0.100000;14.250000
2019-8-21;4:52:51;50;0.100000;14.250000
2019-8-21;4:54:56;50;0.100000;14.250000
2019-8-21;5:14:59;50;0.100000;14.062000
2019-8-21;5:33:23;50;0.100000;13.687000
2019-8-21;5:38:59;50;0.100000;13.625000
2019-8-21;5:45:38;50;0.100000;13.625000
2019-8-21;5:52:13;50;0.100000;13.562000
2019-8-21;5:58:43;50;0.100000;13.500000
2019-8-21;6:5:11;50;0.100000;13.562000
2019-8-21;6:31:56;50;0.100000;13.375000
2019-8-21;7:2:49;50;0.100000;13.062000
2019-8-21;7:7:46;50;0.100000;13.062000
2019-8-21;7:14:11;50;0.100000;13.250000
2019-8-21;7:20:39;50;0.100000;13.125000
2019-8-21;7:27:3;50;0.100000;13.125000
2019-8-21;7:49:12;50;0.100000;13.625000
2019-8-21;8:41:20;50;0.100000;14.125000
2019-8-21;9:33:59;50;0.100000;14.437000
2019-8-21;10:27:5;50;0.100000;15.500000
2019-8-21;11:22:9;50;0.100000;16.500000
2019-8-21;14:16:53;50;0.100000;20.312000
2019-8-21;15:13:32;50;0.100000;21.062000
2019-8-21;15:15:37;50;0.100000;21.000000
2019-8-21;15:17:27;50;0.100000;20.875000
2019-8-21;15:19:11;50;0.100000;20.937000
2019-8-21;15:20:52;50;0.100000;21.062000
2019-8-21;15:22:31;50;0.100000;21.187000
2019-8-21;15:24:16;50;0.100000;21.437000
2019-8-21;17:34:13;50;0.100000;23.937000
2019-8-21;18:47:9;50;0.100000;24.812000
2019-8-21;18:49:18;50;0.100000;24.750000
2019-8-21;18:51:10;50;0.100000;24.812000
2019-8-21;18:52:56;50;0.100000;24.875000
2019-8-21;18:54:38;50;0.100000;24.687000
2019-8-21;18:56:17;50;0.100000;24.812000
2019-8-21;18:58:0;50;0.100000;24.437000
2019-8-21;19:25:41;50;0.100000;22.750000
2019-8-21;21:50:48;50;0.100000;16.937000
2019-8-22;0:15:25;50;0.100000;13.875000
2019-8-22;2:4:49;50;0.100000;13.062000
2019-8-22;2:9:57;50;0.100000;13.062000
2019-8-22;2:44:32;50;0.100000;12.562000
2019-8-22;3:37:7;50;0.100000;12.125000
2019-8-22;4:6:2;50;0.100000;11.875000
2019-8-22;4:10:43;50;0.100000;11.812000
2019-8-22;4:15:44;50;0.100000;11.750000
2019-8-22;4:21:10;50;0.100000;11.812000
2019-8-22;4:26:43;50;0.100000;11.625000
2019-8-22;4:29:13;50;0.100000;11.562000
2019-8-22;4:31:28;50;0.100000;11.687000
2019-8-22;4:33:35;50;0.100000;11.687000
2019-8-22;4:35:17;50;0.100000;11.687000
2019-8-22;4:36:49;50;0.100000;11.625000
2019-8-22;4:38:18;50;0.100000;11.687000
2019-8-22;4:39:44;50;0.100000;11.687000
2019-8-22;4:41:8;50;0.100000;11.562000
2019-8-22;4:42:31;50;0.100000;11.500000
2019-8-22;4:43:52;50;0.100000;11.562000
2019-8-22;4:45:14;50;0.100000;11.500000
2019-8-22;4:46:42;50;0.100000;11.500000
2019-8-22;4:48:27;50;0.100000;11.375000
2019-8-22;4:50:57;50;0.100000;11.375000
2019-8-22;4:56:42;50;0.100000;11.562000
2019-8-22;5:3:4;50;0.100000;11.437000
2019-8-22;5:9:26;50;0.100000;11.500000
2019-8-22;5:15:47;50;0.100000;11.500000
2019-8-22;5:22:3;50;0.100000;11.437000
2019-8-22;5:28:20;50;0.100000;11.250000
2019-8-22;5:34:34;50;0.100000;11.312000
2019-8-22;5:40:45;50;0.100000;11.187000
2019-8-22;5:46:56;50;0.100000;11.125000
2019-8-22;5:53:8;50;0.100000;11.062000
2019-8-22;5:59:18;50;0.100000;11.000000
2019-8-22;6:5:28;50;0.100000;10.937000
2019-8-22;6:11:36;50;0.100000;10.937000
2019-8-22;6:17:42;50;0.100000;11.000000
2019-8-22;6:23:49;50;0.100000;10.875000
2019-8-22;6:29:54;50;0.100000;11.000000
2019-8-22;6:35:50;50;0.100000;10.937000
2019-8-22;6:41:45;50;0.100000;10.937000
2019-8-22;6:47:39;50;0.100000;11.000000
2019-8-22;6:53:31;50;0.100000;11.000000
2019-8-22;6:59:24;50;0.100000;11.062000
2019-8-22;7:5:16;50;0.100000;11.062000
2019-8-22;7:11:8;50;0.100000;11.062000
2019-8-22;7:16:58;50;0.100000;11.187000
2019-8-22;7:22:47;50;0.100000;11.187000
2019-8-22;7:28:37;50;0.100000;11.312000
2019-8-22;7:59:31;50;0.100000;11.875000
2019-8-22;8:51:35;50;0.100000;12.812000
2019-8-22;9:43:45;50;0.100000;14.125000
2019-8-22;10:37:11;50;0.100000;16.687000
2019-8-22;11:34:40;50;0.100000;17.937000
2019-8-22;14:29:59;50;0.100000;21.750000
2019-8-22;15:21:27;50;0.100000;23.375000
2019-8-22;15:23:27;50;0.100000;23.500000
2019-8-22;15:25:12;50;0.100000;23.562000
2019-8-22;15:26:53;50;0.100000;23.500000
2019-8-22;15:28:34;50;0.100000;23.562000
2019-8-22;15:30:22;50;0.100000;23.687000
2019-8-22;18:2:33;50;0.100000;27.937000
2019-8-22;20:53:43;50;0.100000;20.812000
2019-8-22;23:29:39;50;0.100000;16.187000
2019-8-23;2:2:40;50;0.100000;13.687000
2019-8-23;2:30:8;50;0.100000;13.562000
2019-8-23;3:23:51;50;0.100000;13.000000
2019-8-23;4:4:51;50;0.100000;12.625000
2019-8-23;4:9:32;50;0.100000;12.437000
2019-8-23;4:14:53;50;0.100000;12.500000
2019-8-23;4:20:35;50;0.100000;12.437000
2019-8-23;4:23:47;50;0.100000;12.437000
2019-8-23;4:26:8;50;0.100000;12.500000
2019-8-23;4:28:15;50;0.100000;12.562000
2019-8-23;4:29:51;50;0.100000;12.562000
2019-8-23;4:31:25;50;0.100000;12.500000
2019-8-23;4:32:55;50;0.100000;12.437000
2019-8-23;4:34:24;50;0.100000;12.375000
2019-8-23;4:35:51;50;0.100000;12.312000
2019-8-23;4:37:15;50;0.100000;12.250000
2019-8-23;4:38:38;50;0.100000;12.187000
2019-8-23;4:39:59;50;0.100000;12.312000
2019-8-23;4:41:19;50;0.100000;12.375000
2019-8-23;4:42:43;50;0.100000;12.312000
2019-8-23;4:44:28;50;0.100000;12.312000
2019-8-23;4:46:22;50;0.100000;12.250000
2019-8-23;4:51:11;50;0.100000;12.250000
2019-8-23;4:57:35;50;0.100000;12.187000
2019-8-23;5:3:49;50;0.100000;12.125000
2019-8-23;5:10:9;50;0.100000;12.062000
2019-8-23;5:16:26;50;0.100000;12.000000
2019-8-23;5:51:23;50;0.100000;11.750000
2019-8-23;5:55:47;50;0.100000;11.750000
2019-8-23;6:1:49;50;0.100000;11.750000
2019-8-23;6:14:5;50;0.100000;11.750000
2019-8-23;6:43:28;50;0.100000;11.562000
2019-8-23;6:48:2;50;0.100000;11.562000
2019-8-23;6:53:51;50;0.100000;11.562000
2019-8-23;6:59:56;50;0.100000;11.812000
2019-8-23;7:5:59;50;0.100000;11.812000
2019-8-23;7:12:0;50;0.100000;11.875000
2019-8-23;7:18:0;50;0.100000;12.000000
2019-8-23;7:24:0;50;0.100000;12.125000
2019-8-23;7:30:0;50;0.100000;12.062000
2019-8-23;8:13:12;50;0.100000;12.875000
2019-8-23;9:6:30;50;0.100000;14.062000
2019-8-23;10:0:18;50;0.100000;15.937000
2019-8-23;10:55:43;50;0.100000;18.375000
2019-8-23;13:11:40;50;0.100000;21.000000
2019-8-23;15:11:40;50;0.100000;24.125000
2019-8-23;15:13:55;50;0.100000;24.187000
2019-8-23;15:15:48;50;0.100000;24.250000
2019-8-23;15:17:33;50;0.100000;24.312000
2019-8-23;15:19:13;50;0.100000;24.312000
2019-8-23;15:20:54;50;0.100000;24.437000
2019-8-23;15:24:13;50;0.100000;24.375000
2019-8-23;18:21:17;50;0.100000;28.937000
2019-8-23;21:8:26;50;0.100000;21.437000
2019-8-24;0:3:57;50;0.100000;16.750000
2019-8-24;2:4:50;50;0.100000;14.812000
2019-8-24;2:44:36;50;0.100000;14.375000
2019-8-24;3:38:52;50;0.100000;13.562000
2019-8-24;4:32:57;50;0.100000;13.187000
2019-8-24;4:38:17;50;0.100000;13.250000
2019-8-24;4:44:18;50;0.100000;13.125000
2019-8-24;4:50:29;50;0.100000;13.000000
2019-8-24;4:56:53;50;0.100000;12.937000
2019-8-24;5:3:15;50;0.100000;12.937000
2019-8-24;5:43:9;50;0.100000;12.687000
2019-8-24;5:47:42;50;0.100000;12.750000
2019-8-24;5:53:55;50;0.100000;12.687000
2019-8-24;6:30:18;50;0.100000;12.562000
2019-8-24;6:36:25;50;0.100000;12.500000
2019-8-24;6:42:12;50;0.100000;12.562000
2019-8-24;6:51:44;50;0.100000;12.625000
2019-8-24;6:54:1;50;0.100000;12.625000
2019-8-24;6:55:37;50;0.100000;12.625000
2019-8-24;6:57:6;50;0.100000;12.625000
2019-8-24;6:58:27;50;0.100000;12.562000
2019-8-24;6:59:43;50;0.100000;12.562000
2019-8-24;7:0:55;50;0.100000;12.562000
2019-8-24;7:2:6;50;0.100000;12.562000
2019-8-24;7:3:15;50;0.100000;12.500000
2019-8-24;7:4:22;50;0.100000;12.437000
2019-8-24;7:5:29;50;0.100000;12.500000
2019-8-24;7:6:37;50;0.100000;12.562000
2019-8-24;7:7:51;50;0.100000;12.625000
2019-8-24;7:9:21;50;0.100000;12.750000
2019-8-24;7:10:57;50;0.100000;12.750000
2019-8-24;7:12:39;50;0.100000;12.750000
2019-8-24;7:14:30;50;0.100000;12.750000
2019-8-24;7:45:9;50;0.100000;13.250000
2019-8-24;7:50:2;50;0.100000;13.375000
2019-8-24;8:20:35;50;0.100000;13.875000
2019-8-24;8:35:26;50;0.100000;14.187000
2019-8-24;8:43:12;50;0.100000;14.375000
2019-8-24;9:36:38;50;0.100000;15.375000
2019-8-24;10:30:28;50;0.100000;17.687000
2019-8-24;11:3:50;50;0.100000;19.187000
2019-8-24;11:6:6;50;0.100000;19.312000
2019-8-24;11:8:0;50;0.100000;19.625000
2019-8-24;11:9:48;50;0.100000;19.625000
2019-8-24;11:11:30;50;0.100000;19.625000
2019-8-24;11:13:10;50;0.100000;19.687000
2019-8-24;11:18:2;50;0.100000;20.000000
2019-8-24;11:22:33;50;0.100000;20.000000
2019-8-24;11:24:24;50;0.100000;19.812000
2019-8-24;11:26:26;50;0.100000;19.812000
2019-8-24;11:29:27;50;0.100000;19.750000
2019-8-24;11:32:48;50;0.100000;19.625000
2019-8-24;11:40:34;50;0.100000;19.687000
2019-8-24;12:36:38;50;0.100000;21.687000
2019-8-24;15:35:38;50;0.100000;25.437000
2019-8-24;18:16:0;50;0.100000;28.375000
2019-8-24;18:18:44;50;0.100000;28.312000
2019-8-24;18:20:47;50;0.100000;28.125000
2019-8-24;18:22:41;50;0.100000;28.000000
2019-8-24;18:24:29;50;0.100000;28.000000
2019-8-24;18:26:12;50;0.100000;27.812000
2019-8-24;18:27:51;50;0.100000;27.750000
2019-8-24;18:48:17;50;0.100000;26.562000
2019-8-24;21:42:43;50;0.100000;21.312000
2019-8-24;23:7:48;50;0.100000;20.250000
2019-8-24;23:9:50;50;0.100000;20.187000
2019-8-24;23:11:35;50;0.100000;20.125000
2019-8-24;23:13:16;50;0.100000;20.062000
2019-8-24;23:14:56;50;0.100000;20.062000
2019-8-24;23:16:43;50;0.100000;20.062000
2019-8-25;0:20:10;50;0.100000;19.250000
2019-8-25;3:16:34;50;0.100000;17.687000
2019-8-25;6:12:38;50;0.100000;16.562000
2019-8-25;7:38:6;50;0.100000;17.375000
2019-8-25;7:40:8;50;0.100000;17.375000
2019-8-25;7:41:54;50;0.100000;17.375000
2019-8-25;7:43:36;50;0.100000;17.375000
2019-8-25;7:45:16;50;0.100000;17.375000
2019-8-25;7:47:2;50;0.100000;17.437000
2019-8-25;9:31:48;50;0.100000;20.312000
2019-8-25;11:12:47;50;0.100000;23.375000
2019-8-25;11:14:59;50;0.100000;23.312000
2019-8-25;11:16:51;50;0.100000;23.375000
2019-8-25;11:18:35;50;0.100000;23.375000
2019-8-25;11:20:14;50;0.100000;23.312000
2019-8-25;11:21:57;50;0.100000;23.375000
2019-8-25;11:29:23;50;0.100000;23.625000
2019-8-25;11:31:13;50;0.100000;23.562000
2019-8-25;11:33:24;50;0.100000;23.750000
2019-8-25;11:36:44;50;0.100000;24.062000
2019-8-25;11:40:7;50;0.100000;24.062000
2019-8-25;12:49:18;50;0.100000;25.437000
2019-8-25;15:52:26;50;0.100000;30.687000
2019-8-25;19:1:37;50;0.100000;28.812000
2019-8-25;22:3:31;50;0.100000;22.312000
2019-8-25;22:9:1;50;0.100000;22.250000
2019-8-25;22:11:26;50;0.100000;22.125000
2019-8-25;22:13:43;50;0.100000;22.062000
2019-8-25;22:15:40;50;0.100000;22.000000
2019-8-25;22:16:58;50;0.100000;21.937000
2019-8-25;22:18:13;50;0.100000;21.875000
2019-8-25;22:19:25;50;0.100000;21.875000
2019-8-25;22:20:35;50;0.100000;21.875000
2019-8-25;22:21:44;50;0.100000;21.812000
2019-8-25;22:22:51;50;0.100000;21.812000
2019-8-25;22:23:59;50;0.100000;21.750000
2019-8-25;22:25:7;50;0.100000;21.750000
2019-8-25;22:26:26;50;0.100000;21.687000
2019-8-25;22:28:12;50;0.100000;21.625000
2019-8-25;22:30:9;50;0.100000;21.625000
2019-8-25;22:32:20;50;0.100000;21.562000
2019-8-25;22:34:53;50;0.100000;21.500000
2019-8-26;0:50:11;50;0.100000;19.562000
2019-8-26;3:49:27;50;0.100000;17.687000
2019-8-26;6:32:42;50;0.100000;16.562000
2019-8-26;6:37:8;50;0.100000;16.687000
2019-8-26;6:48:50;50;0.100000;16.625000
2019-8-26;8:1:35;50;0.100000;17.812000
2019-8-26;10:52:44;50;0.100000;22.812000
2019-8-26;13:51:20;50;0.100000;26.812000
2019-8-26;15:7:23;50;0.100000;28.625000
2019-8-26;15:9:31;50;0.100000;28.687000
2019-8-26;15:11:20;50;0.100000;28.687000
2019-8-26;15:13:5;50;0.100000;28.562000
2019-8-26;15:14:45;50;0.100000;28.687000
2019-8-26;15:16:25;50;0.100000;28.875000
2019-8-26;15:18:11;50;0.100000;28.875000
2019-8-26;17:24:6;50;0.100000;28.250000
2019-8-26;18:38:29;50;0.100000;26.125000
2019-8-26;18:40:25;50;0.100000;26.062000
2019-8-26;18:42:10;50;0.100000;26.062000
2019-8-26;18:44:0;50;0.100000;26.000000
2019-8-26;19:2:2;50;0.100000;25.562000
2019-8-26;19:4:32;50;0.100000;25.562000
2019-8-26;19:6:3;50;0.100000;25.437000
2019-8-26;19:7:27;50;0.100000;25.375000
2019-8-26;19:8:48;50;0.100000;25.375000
2019-8-26;19:10:3;50;0.100000;25.375000
2019-8-26;19:11:16;50;0.100000;25.312000
2019-8-26;19:12:27;50;0.100000;25.312000
2019-8-26;19:13:36;50;0.100000;25.250000
2019-8-26;19:14:49;50;0.100000;25.187000
2019-8-26;19:16:17;50;0.100000;25.187000
2019-8-26;22:29:38;50;0.100000;21.312000
2019-8-27;1:30:47;50;0.100000;19.187000
2019-8-27;4:30:19;50;0.100000;18.000000
2019-8-27;4:51:58;50;0.100000;18.062000
2019-8-27;4:54:12;50;0.100000;18.000000
2019-8-27;4:56:20;50;0.100000;17.937000
2019-8-27;4:58:23;50;0.100000;17.937000
2019-8-27;5:0:20;50;0.100000;17.937000
2019-8-27;5:2:14;50;0.100000;17.812000
2019-8-27;5:4:13;50;0.100000;17.812000
2019-8-27;5:29:20;50;0.100000;17.812000
2019-8-27;8:5:58;50;0.100000;18.125000
2019-8-27;11:4:33;50;0.100000;23.125000
2019-8-27;14:6:3;50;0.100000;27.187000
2019-8-27;15:8:29;50;0.100000;28.437000
2019-8-27;15:10:27;50;0.100000;28.500000
2019-8-27;15:11:44;50;0.100000;28.437000
2019-8-27;15:12:57;50;0.100000;28.437000
2019-8-27;15:14:11;50;0.100000;28.500000
2019-8-27;15:15:44;50;0.100000;28.500000
2019-8-27;17:45:11;50;0.100000;28.937000
2019-8-27;18:49:57;50;0.100000;26.812000
2019-8-27;18:51:52;50;0.100000;26.750000
2019-8-27;18:53:32;50;0.100000;26.687000
2019-8-27;18:55:16;50;0.100000;26.625000
2019-8-27;19:12:10;50;0.100000;26.187000
2019-8-27;22:13:47;50;0.100000;22.750000
2019-8-28;1:12:24;50;0.100000;20.312000
2019-8-28;4:10:50;50;0.100000;19.000000
2019-8-28;4:49:45;50;0.100000;18.625000
2019-8-28;4:52:4;50;0.100000;18.687000
2019-8-28;4:54:14;50;0.100000;18.687000
2019-8-28;4:56:17;50;0.100000;18.687000
2019-8-28;4:58:16;50;0.100000;18.625000
2019-8-28;5:0:12;50;0.100000;18.687000
2019-8-28;5:2:6;50;0.100000;18.687000
2019-8-28;5:4:11;50;0.100000;18.625000
2019-8-28;6:28:17;50;0.100000;17.875000
2019-8-28;9:4:20;50;0.100000;20.875000
2019-8-28;12:6:11;50;0.100000;26.187000
2019-8-28;15:6:37;50;0.100000;29.437000
2019-8-28;15:14:10;50;0.100000;29.062000
2019-8-28;15:16:6;50;0.100000;28.937000
2019-8-28;15:17:50;50;0.100000;28.812000
2019-8-28;15:19:30;50;0.100000;28.812000
2019-8-28;15:21:14;50;0.100000;28.812000
2019-8-28;16:22:46;50;0.100000;26.812000
2019-8-28;18:53:41;50;0.100000;27.750000
2019-8-28;18:56:9;50;0.100000;27.812000
2019-8-28;18:57:38;50;0.100000;27.937000
2019-8-28;18:58:54;50;0.100000;28.000000
2019-8-28;19:0:7;50;0.100000;28.062000
2019-8-28;19:1:21;50;0.100000;28.125000
2019-8-28;19:2:56;50;0.100000;28.125000
2019-8-28;19:4:44;50;0.100000;28.062000
2019-8-28;19:6:40;50;0.100000;28.062000
2019-8-28;19:8:35;50;0.100000;28.062000
2019-8-28;19:52:35;50;0.100000;25.812000
2019-8-28;22:55:18;50;0.100000;21.687000
2019-8-29;1:54:50;50;0.100000;19.812000
2019-8-29;4:37:53;50;0.100000;18.625000
2019-8-29;4:40:48;50;0.100000;18.687000
2019-8-29;4:43:14;50;0.100000;18.687000
2019-8-29;4:45:30;50;0.100000;18.562000
2019-8-29;4:47:40;50;0.100000;18.437000
2019-8-29;4:49:44;50;0.100000;18.437000
2019-8-29;4:51:44;50;0.100000;18.500000
2019-8-29;4:53:41;50;0.100000;18.625000
2019-8-29;4:55:35;50;0.100000;18.625000
2019-8-29;4:57:32;50;0.100000;18.625000
2019-8-29;5:10:5;50;0.100000;18.500000
2019-8-29;7:56:0;50;0.100000;18.375000
2019-8-29;10:57:42;50;0.100000;24.625000
2019-8-29;13:57:49;50;0.100000;24.250000
2019-8-29;17:0:19;50;0.100000;25.750000
2019-8-29;18:34:55;50;0.100000;25.125000
2019-8-29;18:36:58;50;0.100000;25.187000
2019-8-29;18:38:43;50;0.100000;25.187000
2019-8-29;18:40:23;50;0.100000;25.250000
2019-8-29;18:42:6;50;0.100000;25.312000
2019-8-29;19:21:53;50;0.100000;24.375000
2019-8-29;22:23:17;50;0.100000;20.687000
2019-8-30;1:23:12;50;0.100000;18.750000
2019-8-30;4:23:12;50;0.100000;17.875000
2019-8-30;4:33:35;50;0.100000;17.750000
2019-8-30;4:36:11;50;0.100000;17.812000
2019-8-30;4:38:34;50;0.100000;17.875000
2019-8-30;4:40:48;50;0.100000;17.875000
2019-8-30;4:42:58;50;0.100000;17.812000
2019-8-30;4:45:3;50;0.100000;17.875000
2019-8-30;4:47:5;50;0.100000;17.875000
2019-8-30;4:49:4;50;0.100000;17.875000
2019-8-30;4:50:59;50;0.100000;17.875000
2019-8-30;4:52:53;50;0.100000;17.875000
2019-8-30;4:54:56;50;0.100000;17.875000
2019-8-30;6:31:51;50;0.100000;17.375000
2019-8-30;9:11:29;50;0.100000;19.312000
2019-8-30;12:15:26;50;0.100000;23.812000
2019-8-30;15:7:42;50;0.100000;24.500000
2019-8-30;15:10:19;50;0.100000;24.500000
2019-8-30;15:12:4;50;0.100000;24.375000
2019-8-30;15:13:20;50;0.100000;24.312000
2019-8-30;15:14:34;50;0.100000;24.312000
2019-8-30;15:15:49;50;0.100000;24.312000
2019-8-30;17:50:5;50;0.100000;22.625000
2019-8-30;18:48:0;50;0.100000;22.187000
2019-8-30;18:49:57;50;0.100000;22.187000
2019-8-30;18:51:39;50;0.100000;22.187000
2019-8-30;18:53:19;50;0.100000;22.250000
2019-8-30;18:55:5;50;0.100000;22.250000
2019-8-30;19:30:58;50;0.100000;22.125000
2019-8-30;22:33:56;50;0.100000;19.562000
2019-8-31;1:34:29;50;0.100000;18.437000
2019-8-31;4:34:56;50;0.100000;17.250000
2019-8-31;7:19:56;50;0.100000;16.687000
2019-8-31;7:22:25;50;0.100000;16.750000
2019-8-31;7:24:21;50;0.100000;16.875000
2019-8-31;7:26:8;50;0.100000;16.875000
2019-8-31;7:27:52;50;0.100000;16.937000
2019-8-31;7:29:31;50;0.100000;16.937000
2019-8-31;7:31:12;50;0.100000;16.937000
2019-8-31;7:33:0;50;0.100000;16.937000
2019-8-31;8:35:45;50;0.100000;18.125000
2019-8-31;10:46:25;50;0.100000;22.625000
2019-8-31;10:48:59;50;0.100000;22.812000
2019-8-31;10:51:2;50;0.100000;22.937000
2019-8-31;10:52:57;50;0.100000;22.687000
2019-8-31;10:54:46;50;0.100000;22.625000
2019-8-31;10:56:24;50;0.100000;22.812000
2019-8-31;10:57:58;50;0.100000;22.750000
2019-8-31;10:59:34;50;0.100000;22.875000
2019-8-31;11:14:30;50;0.100000;23.375000
2019-8-31;11:16:20;50;0.100000;23.562000
2019-8-31;11:18:17;50;0.100000;23.687000
2019-8-31;11:21:7;50;0.100000;23.562000
2019-8-31;11:24:32;50;0.100000;23.625000
2019-8-31;11:27:56;50;0.100000;23.937000
2019-8-31;12:42:37;50;0.100000;25.375000
2019-8-31;15:44:6;50;0.100000;30.187000
2019-8-31;18:23:10;50;0.100000;30.937000
2019-8-31;18:25:35;50;0.100000;30.625000
2019-8-31;18:27:29;50;0.100000;30.500000
2019-8-31;18:29:15;50;0.100000;30.500000
2019-8-31;18:30:55;50;0.100000;30.437000
2019-8-31;18:32:37;50;0.100000;30.375000
2019-8-31;20:46:25;50;0.100000;24.875000
2019-8-31;23:8:1;50;0.100000;21.625000
2019-8-31;23:10:8;50;0.100000;21.625000
2019-8-31;23:11:55;50;0.100000;21.687000
2019-8-31;23:13:35;50;0.100000;21.562000
2019-8-31;23:15:16;50;0.100000;21.625000
2019-8-31;23:17:5;50;0.100000;21.562000